"Reference","Qty","Value","DNP","Exclude from BOM","Exclude from Board","Footprint","Datasheet","Description"
"C1","1","0.1uF","","","","Capacitor_THT:C_Disc_D5.0mm_W2.5mm_P5.00mm","","Unpolarized capacitor"
"R1,R2","2","100k","","","","Resistor_THT:R_Axial_DIN0207_L6.3mm_D2.5mm_P7.62mm_Horizontal","","Resistor"
"SW1","1","RotaryEncoder_Switch","","","","Rotary_Encoder:RotaryEncoder_Alps_EC12E-Switch_Vertical_H20mm_CircularMountingHoles","","Rotary encoder, dual channel, incremental quadrate outputs, with switch"
"U2","1","SSD1306 0.91-inch OLED","","","","oled_display:Untitled","https://de.aliexpress.com/item/1005011907100931.html","0.91-inch OLED display module i2C Communicate for Arduino 128X32 LCD screen SSD1306 3.3V"
"U3","1","ESP32-DevKitC","","","","Espressif:ESP32-DevKitC","https://de.aliexpress.com/item/1005006140555903.html","Development Kit"
"U4","1","DC-DC Buck Boost 600mA","","","","","https://de.aliexpress.com/item/1005008878997808.html","5pcs/1pc DC-DC Automatic Buck Boost Power Supply Module 3V-15V to 3.3V 4.2V 5V 9V 12V Output 600mA Step Up/Down Board PCB"
"U5","1","TP4056 Charger Module","","","","","https://de.aliexpress.com/item/1005011840928544.html","3.7V Lithium Battery Charger Module TP4056 with Type-C Input Overcharge Overdischarge Protection PH2.0 Terminal"
"U6","1","ESP8266 NodeMCU V3","","","","","https://de.aliexpress.com/item/1005006889833004.html","1-10pcs ESP8266 serial port wifi module NodeMCU Lua V3 Internet of Things development board TYPE-C interface CH340"
"Battery","1","654060 Li-Po 2000mAh","","","","","https://de.aliexpress.com/item/1005011549440731.html","654060 3.7V 2000mAh Rechargeable Li-Po Polymer Battery For Heating Gloves Hand Warmers Purifiers Fill Lights GPS"
